<itsXml interface="SerialsRequestMaster">
    <header>
        <transactionTimestamp>2025-04-09T01:59:55.786858400Z</transactionTimestamp>
        <transactionTimeZone>+02:00</transactionTimeZone>
        <interfaceRevision>1.1</interfaceRevision>
        <messageId>b25b7abe-dca6-453f-9273-30724df63adb</messageId>
        <siteCode>ARVATO_TEST</siteCode>
    </header>
    <requests>
        <serialRequest>
            <requestType>serials</requestType>
            <codingRule>GS1_SGTIN_RU</codingRule>
            <ntin>62382828282821</ntin>
            <quantity>1</quantity>
        </serialRequest>
    </requests>
</itsXml>